,업소아이디,총개수,키워드1,개수1,키워드2,개수2,키워드3,개수3,키워드4,개수4,키워드5,개수5,URL
0,1739,62,음식이 맛있어요,47,가성비가 좋아요,21,재료가 신선해요,15,친절해요,12,양이 많아요,8,21025096
1,4325,0,0,0,0,0,0,0,0,0,0,0,-
2,7851,68,가성비가 좋아요,32,음식이 맛있어요,26,혼밥하기 좋아요,25,친절해요,16,양이 많아요,10,13153220
3,6764,109,음식이 맛있어요,83,친절해요,32,양이 많아요,24,가성비가 좋아요,24,재료가 신선해요,19,20829543
4,3986,"1,279",음식이 맛있어요,732,가성비가 좋아요,654,양이 많아요,381,혼밥하기 좋아요,283,친절해요,141,36004335
5,8633,63,음식이 맛있어요,57,특별한 메뉴가 있어요,21,재료가 신선해요,18,친절해요,16,가성비가 좋아요,12,19997949
6,8171,180,음식이 맛있어요,123,가성비가 좋아요,63,친절해요,44,재료가 신선해요,28,양이 많아요,27,36004538
7,3906,53,음식이 맛있어요,36,가성비가 좋아요,9,양이 많아요,8,혼밥하기 좋아요,7,친절해요,7,1985770038
8,8265,115,음식이 맛있어요,54,친절해요,29,가성비가 좋아요,19,혼밥하기 좋아요,17,재료가 신선해요,11,20880249
9,5959,34,음식이 맛있어요,26,친절해요,10,가성비가 좋아요,9,재료가 신선해요,5,양이 많아요,5,18800486
10,7786,47,음식이 맛있어요,29,재료가 신선해요,11,가성비가 좋아요,11,친절해요,10,양이 많아요,5,13132772
11,6778,74,음식이 맛있어요,42,친절해요,26,가성비가 좋아요,23,재료가 신선해요,11,양이 많아요,8,17990777
12,6384,0,0,0,0,0,0,0,0,0,0,0,1492791228
13,4826,48,음식이 맛있어요,23,가성비가 좋아요,15,친절해요,13,혼밥하기 좋아요,6,양이 많아요,6,32088848
14,6378,62,음식이 맛있어요,36,가성비가 좋아요,16,혼밥하기 좋아요,13,친절해요,13,재료가 신선해요,8,18808869
15,6871,0,0,0,0,0,0,0,0,0,0,0,36004924
16,7142,161,음식이 맛있어요,125,가성비가 좋아요,50,양이 많아요,43,재료가 신선해요,34,친절해요,23,36004929
17,6856,0,0,0,0,0,0,0,0,0,0,0,1907395009
18,7501,72,음식이 맛있어요,46,가성비가 좋아요,32,양이 많아요,13,재료가 신선해요,12,친절해요,12,20868139
19,1113,874,음식이 맛있어요,651,특별한 메뉴가 있어요,191,친절해요,186,혼밥하기 좋아요,156,가성비가 좋아요,142,1920811115
20,7338,0,0,0,0,0,0,0,0,0,0,0,-
21,5713,211,음식이 맛있어요,94,가성비가 좋아요,79,혼밥하기 좋아요,51,친절해요,44,양이 많아요,33,36004204
22,7299,0,0,0,0,0,0,0,0,0,0,0,-
23,1460,85,음식이 맛있어요,59,친절해요,21,가성비가 좋아요,21,재료가 신선해요,13,양이 많아요,13,18715342
24,736,291,음식이 맛있어요,165,가성비가 좋아요,108,친절해요,48,양이 많아요,41,혼밥하기 좋아요,40,18570229
25,6759,135,음식이 맛있어요,100,양이 많아요,41,가성비가 좋아요,41,친절해요,37,혼밥하기 좋아요,28,13152434
26,7833,0,0,0,0,0,0,0,0,0,0,0,-
27,7832,16,음식이 맛있어요,9,재료가 신선해요,4,친절해요,4,가성비가 좋아요,4,혼밥하기 좋아요,2,944494960
28,7802,139,음식이 맛있어요,96,가성비가 좋아요,53,친절해요,30,재료가 신선해요,22,혼밥하기 좋아요,21,36004211
29,7663,89,음식이 맛있어요,56,가성비가 좋아요,20,친절해요,14,재료가 신선해요,13,양이 많아요,11,19007398
30,3887,0,0,0,0,0,0,0,0,0,0,0,-
31,7574,20,음식이 맛있어요,16,가성비가 좋아요,6,친절해요,4,양이 많아요,3,혼밥하기 좋아요,2,36004923
32,2022,0,0,0,0,0,0,0,0,0,0,0,34807268
33,2225,45,음식이 맛있어요,32,친절해요,13,재료가 신선해요,10,가성비가 좋아요,7,단체모임 하기 좋아요,5,38009845
34,4526,26,음식이 맛있어요,20,친절해요,14,가성비가 좋아요,6,재료가 신선해요,4,매장이 넓어요,3,36004757
35,2832,192,음식이 맛있어요,81,가성비가 좋아요,61,친절해요,52,혼밥하기 좋아요,24,양이 많아요,17,1163150239
36,6665,63,음식이 맛있어요,48,친절해요,27,재료가 신선해요,15,특별한 메뉴가 있어요,12,양이 많아요,10,18054957
37,7340,0,0,0,0,0,0,0,0,0,0,0,20919368
38,7595,0,0,0,0,0,0,0,0,0,0,0,36004022
39,1145,106,음식이 맛있어요,88,양이 많아요,19,가성비가 좋아요,19,친절해요,13,재료가 신선해요,11,36003825
40,4955,253,음식이 맛있어요,99,가성비가 좋아요,90,혼밥하기 좋아요,67,친절해요,42,양이 많아요,28,37687259
41,2700,0,0,0,0,0,0,0,0,0,0,0,32101231
42,7651,0,0,0,0,0,0,0,0,0,0,0,-
43,8210,21,음식이 맛있어요,16,재료가 신선해요,8,친절해요,5,혼밥하기 좋아요,4,가성비가 좋아요,4,1731458229
44,8188,74,음식이 맛있어요,52,친절해요,37,혼밥하기 좋아요,33,가성비가 좋아요,21,재료가 신선해요,7,32875906
45,8136,101,음식이 맛있어요,83,친절해요,31,가성비가 좋아요,17,특별한 메뉴가 있어요,13,재료가 신선해요,11,18374204
46,8097,69,음식이 맛있어요,43,친절해요,11,양이 많아요,11,재료가 신선해요,7,가성비가 좋아요,7,20603907
47,8082,50,음식이 맛있어요,26,가성비가 좋아요,14,친절해요,10,양이 많아요,6,재료가 신선해요,5,21559544
48,7428,0,0,0,0,0,0,0,0,0,0,0,-
49,8697,134,친절해요,78,음식이 맛있어요,64,가성비가 좋아요,27,양이 많아요,25,재료가 신선해요,14,36004162
50,8119,88,음식이 맛있어요,54,가성비가 좋아요,34,친절해요,29,재료가 신선해요,19,양이 많아요,16,20343664
51,7899,30,음식이 맛있어요,15,가성비가 좋아요,13,친절해요,8,재료가 신선해요,3,양이 많아요,3,36004740
52,7653,0,0,0,0,0,0,0,0,0,0,0,1984246053
53,879,72,음식이 맛있어요,52,친절해요,36,가성비가 좋아요,32,양이 많아요,15,인테리어가 멋져요,12,13575194
54,8140,0,0,0,0,0,0,0,0,0,0,0,-
55,7901,11,음식이 맛있어요,9,친절해요,1,주차하기 편해요,1,가성비가 좋아요,1,0,0,1163016048
56,7903,0,0,0,0,0,0,0,0,0,0,0,20849349
57,7541,17,음식이 맛있어요,11,재료가 신선해요,4,양이 많아요,4,가성비가 좋아요,4,혼밥하기 좋아요,2,18703031
58,4019,11,음식이 맛있어요,10,재료가 신선해요,2,친절해요,2,특별한 메뉴가 있어요,2,혼밥하기 좋아요,1,1124909929
59,2322,117,음식이 맛있어요,88,재료가 신선해요,28,가성비가 좋아요,23,양이 많아요,19,매장이 청결해요,19,18777124
60,443,18,음식이 맛있어요,11,가성비가 좋아요,5,재료가 신선해요,3,친절해요,3,양이 많아요,3,18141856
61,7850,106,음식이 맛있어요,72,가성비가 좋아요,35,친절해요,18,재료가 신선해요,13,혼밥하기 좋아요,12,18891787
62,7911,64,음식이 맛있어요,43,재료가 신선해요,12,친절해요,12,양이 많아요,9,가성비가 좋아요,9,18458904
63,7731,30,음식이 맛있어요,20,가성비가 좋아요,5,혼밥하기 좋아요,4,재료가 신선해요,4,친절해요,2,18841274
64,6739,0,0,0,0,0,0,0,0,0,0,0,-
65,1476,48,음식이 맛있어요,42,재료가 신선해요,23,친절해요,21,가성비가 좋아요,16,양이 많아요,12,13279525
66,8054,54,음식이 맛있어요,44,가성비가 좋아요,16,친절해요,12,재료가 신선해요,11,양이 많아요,5,34363476
67,8148,47,음식이 맛있어요,27,친절해요,12,가성비가 좋아요,8,양이 많아요,3,혼밥하기 좋아요,2,18750755
68,8088,46,음식이 맛있어요,31,친절해요,11,가성비가 좋아요,8,재료가 신선해요,6,양이 많아요,2,20908626
69,8217,155,음식이 맛있어요,110,가성비가 좋아요,93,양이 많아요,61,재료가 신선해요,54,친절해요,27,19754004
70,8279,189,음식이 맛있어요,121,가성비가 좋아요,53,친절해요,39,혼밥하기 좋아요,24,재료가 신선해요,21,20841306
71,7058,0,0,0,0,0,0,0,0,0,0,0,-
72,6734,0,0,0,0,0,0,0,0,0,0,0,-
73,7442,38,음식이 맛있어요,14,친절해요,12,가성비가 좋아요,8,혼밥하기 좋아요,4,재료가 신선해요,4,18892118
74,7855,437,음식이 맛있어요,231,가성비가 좋아요,165,양이 많아요,66,친절해요,63,혼밥하기 좋아요,48,36004446
75,8134,143,음식이 맛있어요,99,가성비가 좋아요,58,양이 많아요,42,친절해요,20,혼밥하기 좋아요,12,11720015
76,6052,0,0,0,0,0,0,0,0,0,0,0,-
77,6529,0,0,0,0,0,0,0,0,0,0,0,-
78,7847,121,음식이 맛있어요,82,가성비가 좋아요,61,재료가 신선해요,28,양이 많아요,21,친절해요,18,18873016
79,7931,0,0,0,0,0,0,0,0,0,0,0,32496627
80,7533,0,0,0,0,0,0,0,0,0,0,0,18480907
81,7939,13,음식이 맛있어요,6,친절해요,4,양이 많아요,1,가성비가 좋아요,1,매장이 넓어요,1,18087264
82,8174,0,0,0,0,0,0,0,0,0,0,0,36004033
83,7601,0,0,0,0,0,0,0,0,0,0,0,-
84,7904,79,음식이 맛있어요,63,친절해요,28,가성비가 좋아요,16,재료가 신선해요,12,양이 많아요,9,20891518
85,8724,581,음식이 맛있어요,345,가성비가 좋아요,249,혼밥하기 좋아요,84,친절해요,69,양이 많아요,68,11383739
86,7348,78,음식이 맛있어요,57,친절해요,29,재료가 신선해요,24,양이 많아요,23,가성비가 좋아요,23,1912613431
87,7937,152,음식이 맛있어요,98,가성비가 좋아요,30,친절해요,27,혼밥하기 좋아요,25,양이 많아요,24,11703044
88,7392,39,음식이 맛있어요,32,친절해요,27,가성비가 좋아요,18,특별한 메뉴가 있어요,16,재료가 신선해요,12,1525144224
89,8435,23,음식이 맛있어요,13,친절해요,5,양이 많아요,4,가성비가 좋아요,4,재료가 신선해요,3,38571626
90,6304,109,음식이 맛있어요,61,가성비가 좋아요,30,혼밥하기 좋아요,29,친절해요,21,양이 많아요,16,36004338
91,6325,0,0,0,0,0,0,0,0,0,0,0,-
92,7971,0,0,0,0,0,0,0,0,0,0,0,-
93,8193,63,음식이 맛있어요,44,친절해요,13,재료가 신선해요,10,양이 많아요,7,가성비가 좋아요,6,20289500
94,8565,0,0,0,0,0,0,0,0,0,0,0,20937476
95,8548,23,음식이 맛있어요,17,친절해요,6,양이 많아요,5,가성비가 좋아요,5,혼밥하기 좋아요,4,18421104
96,8541,62,음식이 맛있어요,43,가성비가 좋아요,28,친절해요,23,양이 많아요,13,특별한 메뉴가 있어요,5,36004766
97,8109,63,음식이 맛있어요,37,가성비가 좋아요,32,양이 많아요,26,혼밥하기 좋아요,11,친절해요,10,18368759
98,8553,242,음식이 맛있어요,171,가성비가 좋아요,49,친절해요,47,혼밥하기 좋아요,33,매장이 넓어요,23,1001001981
99,8543,64,음식이 맛있어요,31,가성비가 좋아요,24,친절해요,14,매장이 넓어요,7,재료가 신선해요,6,36004038
100,8616,234,음식이 맛있어요,187,양이 많아요,62,재료가 신선해요,55,가성비가 좋아요,50,친절해요,34,20815439
101,8652,0,0,0,0,0,0,0,0,0,0,0,-
102,8309,149,음식이 맛있어요,114,가성비가 좋아요,40,재료가 신선해요,20,친절해요,19,혼밥하기 좋아요,18,20940667
103,8068,61,음식이 맛있어요,25,가성비가 좋아요,24,매장이 넓어요,12,친절해요,10,양이 많아요,7,18003461
104,8570,67,음식이 맛있어요,47,친절해요,12,가성비가 좋아요,12,혼밥하기 좋아요,7,재료가 신선해요,6,18435049
105,8542,46,음식이 맛있어요,26,친절해요,10,가성비가 좋아요,10,혼밥하기 좋아요,8,재료가 신선해요,8,1371932859
106,8080,23,음식이 맛있어요,10,친절해요,6,가성비가 좋아요,6,혼밥하기 좋아요,5,재료가 신선해요,5,18625733
107,8459,0,0,0,0,0,0,0,0,0,0,0,-
108,8350,0,0,0,0,0,0,0,0,0,0,0,36004166
109,8352,0,0,0,0,0,0,0,0,0,0,0,36004921
110,7661,202,음식이 맛있어요,143,친절해요,38,혼밥하기 좋아요,34,양이 많아요,29,재료가 신선해요,24,21331382
111,8121,0,0,0,0,0,0,0,0,0,0,0,36004029
112,8851,421,음식이 맛있어요,214,가성비가 좋아요,184,혼밥하기 좋아요,63,양이 많아요,59,친절해요,56,37746339
113,8678,95,음식이 맛있어요,62,가성비가 좋아요,42,양이 많아요,22,혼밥하기 좋아요,20,친절해요,20,33358979
114,8043,188,음식이 맛있어요,137,매장이 넓어요,52,가성비가 좋아요,46,재료가 신선해요,36,양이 많아요,36,13156731
115,8005,0,0,0,0,0,0,0,0,0,0,0,36004210
116,8575,92,음식이 맛있어요,60,가성비가 좋아요,28,양이 많아요,11,친절해요,10,매장이 넓어요,10,18789350
117,8414,32,음식이 맛있어요,24,가성비가 좋아요,12,양이 많아요,8,혼밥하기 좋아요,2,재료가 신선해요,1,36004008
118,8021,77,음식이 맛있어요,52,가성비가 좋아요,20,양이 많아요,11,친절해요,10,재료가 신선해요,9,18909876
119,8687,87,음식이 맛있어요,57,양이 많아요,29,매장이 넓어요,23,가성비가 좋아요,22,친절해요,19,18128429
120,8686,100,음식이 맛있어요,66,친절해요,22,가성비가 좋아요,11,재료가 신선해요,10,양이 많아요,10,18194687
121,8730,0,0,0,0,0,0,0,0,0,0,0,12844300
122,8453,0,0,0,0,0,0,0,0,0,0,0,36003991
123,8410,237,음식이 맛있어요,132,가성비가 좋아요,86,친절해요,71,양이 많아요,20,재료가 신선해요,19,18509106
124,8373,64,음식이 맛있어요,45,친절해요,11,양이 많아요,10,가성비가 좋아요,10,혼밥하기 좋아요,7,18603045
125,8312,23,음식이 맛있어요,13,가성비가 좋아요,6,재료가 신선해요,5,혼밥하기 좋아요,4,친절해요,4,36004565
126,8460,37,음식이 맛있어요,22,재료가 신선해요,9,가성비가 좋아요,9,친절해요,6,혼밥하기 좋아요,5,13149894
127,8712,229,음식이 맛있어요,146,매장이 넓어요,55,주차하기 편해요,46,친절해요,35,매장이 청결해요,32,18269352
128,8289,125,음식이 맛있어요,72,친절해요,32,가성비가 좋아요,26,양이 많아요,20,재료가 신선해요,18,18487863
129,8478,52,음식이 맛있어요,29,친절해요,14,가성비가 좋아요,12,혼밥하기 좋아요,11,재료가 신선해요,9,19993872
130,7666,23,음식이 맛있어요,16,재료가 신선해요,4,친절해요,4,매장이 청결해요,3,단체모임 하기 좋아요,3,18638571
131,8721,115,음식이 맛있어요,67,가성비가 좋아요,39,친절해요,20,재료가 신선해요,8,양이 많아요,7,18648231
132,8675,358,음식이 맛있어요,178,혼밥하기 좋아요,95,가성비가 좋아요,82,친절해요,40,양이 많아요,19,20709913
133,8091,604,음식이 맛있어요,292,가성비가 좋아요,202,양이 많아요,107,혼밥하기 좋아요,104,친절해요,88,17964426
134,8090,59,음식이 맛있어요,29,재료가 신선해요,18,친절해요,17,가성비가 좋아요,9,양이 많아요,3,36004745
135,8389,0,0,0,0,0,0,0,0,0,0,0,1799319479
136,8661,0,0,0,0,0,0,0,0,0,0,0,13158971
137,7967,67,음식이 맛있어요,54,가성비가 좋아요,18,친절해요,8,혼밥하기 좋아요,7,재료가 신선해요,5,18156909
138,8086,21,음식이 맛있어요,15,양이 많아요,6,재료가 신선해요,5,친절해요,5,가성비가 좋아요,4,36004536
139,8417,0,0,0,0,0,0,0,0,0,0,0,36004007
140,8508,29,음식이 맛있어요,23,가성비가 좋아요,11,친절해요,9,재료가 신선해요,8,양이 많아요,8,18419672
141,8123,72,음식이 맛있어요,57,친절해요,22,재료가 신선해요,16,양이 많아요,8,단체모임 하기 좋아요,8,18755116
142,8274,81,음식이 맛있어요,54,친절해요,30,가성비가 좋아요,26,양이 많아요,13,재료가 신선해요,12,18967211
143,8314,0,0,0,0,0,0,0,0,0,0,0,35272523
144,8621,214,음식이 맛있어요,171,재료가 신선해요,39,친절해요,32,가성비가 좋아요,27,양이 많아요,19,36004764
145,8469,200,음식이 맛있어요,160,가성비가 좋아요,56,양이 많아요,31,혼밥하기 좋아요,27,재료가 신선해요,24,33879310
146,8644,0,0,0,0,0,0,0,0,0,0,0,-
147,8209,0,0,0,0,0,0,0,0,0,0,0,-
148,8175,0,0,0,0,0,0,0,0,0,0,0,-
149,8451,33,음식이 맛있어요,19,친절해요,10,가성비가 좋아요,9,혼밥하기 좋아요,5,재료가 신선해요,2,36003989
150,8485,163,음식이 맛있어요,109,가성비가 좋아요,46,친절해요,30,재료가 신선해요,17,혼밥하기 좋아요,16,12986974
151,8104,0,0,0,0,0,0,0,0,0,0,0,-
152,8558,0,0,0,0,0,0,0,0,0,0,0,36004746
153,8264,23,음식이 맛있어요,16,친절해요,6,가성비가 좋아요,6,매장이 넓어요,2,화장실이 깨끗해요,2,36004226
154,7681,30,음식이 맛있어요,21,재료가 신선해요,10,친절해요,8,혼밥하기 좋아요,4,양이 많아요,4,19836305
155,8571,50,음식이 맛있어요,29,친절해요,17,가성비가 좋아요,13,혼밥하기 좋아요,5,양이 많아요,3,20915644
156,8681,101,음식이 맛있어요,84,친절해요,41,재료가 신선해요,35,단체모임 하기 좋아요,27,매장이 넓어요,17,32786158
157,8449,24,음식이 맛있어요,16,친절해요,7,재료가 신선해요,6,가성비가 좋아요,6,양이 많아요,4,36004430
158,8462,0,0,0,0,0,0,0,0,0,0,0,36004000
159,8294,0,0,0,0,0,0,0,0,0,0,0,-
160,8685,0,0,0,0,0,0,0,0,0,0,0,-
161,8967,0,0,0,0,0,0,0,0,0,0,0,-
162,8446,43,음식이 맛있어요,30,가성비가 좋아요,11,혼밥하기 좋아요,10,친절해요,8,양이 많아요,5,18564650
163,8324,0,0,0,0,0,0,0,0,0,0,0,-
164,8458,48,음식이 맛있어요,33,가성비가 좋아요,18,친절해요,13,재료가 신선해요,6,양이 많아요,4,18466450
165,8305,17,음식이 맛있어요,7,가성비가 좋아요,7,친절해요,5,양이 많아요,3,혼밥하기 좋아요,1,18531515
166,8057,31,음식이 맛있어요,13,가성비가 좋아요,11,혼밥하기 좋아요,10,양이 많아요,9,재료가 신선해요,7,1482656615
167,8680,52,음식이 맛있어요,35,친절해요,16,가성비가 좋아요,10,재료가 신선해요,8,양이 많아요,5,1499646560
168,8467,233,음식이 맛있어요,135,혼밥하기 좋아요,46,가성비가 좋아요,42,친절해요,37,재료가 신선해요,30,36003998
169,8127,248,음식이 맛있어요,155,친절해요,51,가성비가 좋아요,49,재료가 신선해요,43,혼밥하기 좋아요,36,19387351
170,8647,49,음식이 맛있어요,41,가성비가 좋아요,8,친절해요,7,재료가 신선해요,6,양이 많아요,6,36004041
171,7780,56,음식이 맛있어요,31,가성비가 좋아요,20,재료가 신선해요,13,친절해요,13,양이 많아요,11,36004752
172,8415,58,음식이 맛있어요,42,재료가 신선해요,16,친절해요,16,가성비가 좋아요,10,매장이 넓어요,9,18509142
173,7623,0,0,0,0,0,0,0,0,0,0,0,18750721
174,8052,26,음식이 맛있어요,18,친절해요,4,혼밥하기 좋아요,3,재료가 신선해요,3,가성비가 좋아요,3,18676058
175,8072,0,0,0,0,0,0,0,0,0,0,0,18837935
176,8267,0,0,0,0,0,0,0,0,0,0,0,1161905008
177,8532,0,0,0,0,0,0,0,0,0,0,0,1063639812
178,8378,46,음식이 맛있어요,32,가성비가 좋아요,17,혼밥하기 좋아요,11,친절해요,11,양이 많아요,11,12053909
179,8599,185,음식이 맛있어요,104,가성비가 좋아요,69,혼밥하기 좋아요,44,양이 많아요,40,친절해요,31,31730244
180,8341,200,양이 많아요,67,음식이 맛있어요,52,친절해요,33,재료가 신선해요,17,가성비가 좋아요,13,36004207
181,8177,18,음식이 맛있어요,12,친절해요,5,가성비가 좋아요,3,혼밥하기 좋아요,1,재료가 신선해요,1,18703422
182,7845,476,음식이 맛있어요,397,특별한 메뉴가 있어요,183,친절해요,157,재료가 신선해요,78,매장이 청결해요,78,1214154710
183,8524,0,0,0,0,0,0,0,0,0,0,0,-
184,8419,0,0,0,0,0,0,0,0,0,0,0,-
185,8646,23,음식이 맛있어요,13,친절해요,9,가성비가 좋아요,5,재료가 신선해요,3,양이 많아요,2,19015186
186,8649,19,음식이 맛있어요,10,혼밥하기 좋아요,7,친절해요,5,가성비가 좋아요,3,단체모임 하기 좋아요,2,13157768
187,8800,0,0,0,0,0,0,0,0,0,0,0,1982928972
188,8170,111,음식이 맛있어요,73,가성비가 좋아요,46,친절해요,26,양이 많아요,25,매장이 넓어요,18,36004765
189,7648,230,음식이 맛있어요,138,친절해요,58,양이 많아요,22,재료가 신선해요,21,가성비가 좋아요,21,19763812
190,8484,73,음식이 맛있어요,46,가성비가 좋아요,19,혼밥하기 좋아요,17,양이 많아요,11,친절해요,8,20897124
191,8213,30,음식이 맛있어요,19,친절해요,13,혼밥하기 좋아요,7,가성비가 좋아요,7,양이 많아요,4,20848872
192,8682,12,음식이 맛있어요,8,재료가 신선해요,5,단체모임 하기 좋아요,2,친절해요,1,양이 많아요,1,13048503
193,7657,90,음식이 맛있어요,71,가성비가 좋아요,30,친절해요,21,양이 많아요,12,혼밥하기 좋아요,9,36004044
194,8083,0,0,0,0,0,0,0,0,0,0,0,-
195,8126,0,0,0,0,0,0,0,0,0,0,0,-
196,8413,0,0,0,0,0,0,0,0,0,0,0,-
197,8357,0,0,0,0,0,0,0,0,0,0,0,18448143
198,8732,123,음식이 맛있어요,104,가성비가 좋아요,45,재료가 신선해요,24,친절해요,18,양이 많아요,12,1214860534
199,8315,100,음식이 맛있어요,69,가성비가 좋아요,30,재료가 신선해요,15,친절해요,13,혼밥하기 좋아요,9,36004928
200,8180,91,음식이 맛있어요,71,친절해요,17,가성비가 좋아요,16,양이 많아요,14,단체모임 하기 좋아요,7,1288558613
201,8573,0,0,0,0,0,0,0,0,0,0,0,17909475
202,8679,0,0,0,0,0,0,0,0,0,0,0,30802314
203,8818,0,0,0,0,0,0,0,0,0,0,0,-
204,8672,0,0,0,0,0,0,0,0,0,0,0,17897793
205,8017,144,음식이 맛있어요,79,가성비가 좋아요,47,친절해요,27,양이 많아요,15,단체모임 하기 좋아요,15,36004760
206,8728,0,0,0,0,0,0,0,0,0,0,0,-
207,8191,68,음식이 맛있어요,49,친절해요,25,재료가 신선해요,15,가성비가 좋아요,15,단체모임 하기 좋아요,11,12829717
208,8550,0,0,0,0,0,0,0,0,0,0,0,36004012
209,8383,52,음식이 맛있어요,30,친절해요,16,혼밥하기 좋아요,12,가성비가 좋아요,8,양이 많아요,7,18001916
210,8020,90,음식이 맛있어요,61,친절해요,24,가성비가 좋아요,15,재료가 신선해요,9,양이 많아요,8,18908594
211,8036,37,음식이 맛있어요,26,가성비가 좋아요,11,친절해요,7,재료가 신선해요,6,혼밥하기 좋아요,3,20869689
212,8613,69,음식이 맛있어요,52,친절해요,32,재료가 신선해요,23,매장이 청결해요,14,매장이 넓어요,13,13490643
213,8461,37,음식이 맛있어요,28,가성비가 좋아요,14,친절해요,7,양이 많아요,5,재료가 신선해요,3,18577688
214,8393,21,음식이 맛있어요,10,가성비가 좋아요,4,친절해요,3,특별한 메뉴가 있어요,2,화장실이 깨끗해요,2,1088665525
215,8615,100,음식이 맛있어요,55,가성비가 좋아요,30,양이 많아요,16,혼밥하기 좋아요,13,친절해요,12,20741319
216,8399,0,0,0,0,0,0,0,0,0,0,0,-
217,7852,86,음식이 맛있어요,69,가성비가 좋아요,37,친절해요,30,재료가 신선해요,29,양이 많아요,14,20880096
218,8031,81,음식이 맛있어요,61,가성비가 좋아요,33,양이 많아요,18,친절해요,16,재료가 신선해요,14,18192352
219,8077,0,0,0,0,0,0,0,0,0,0,0,-
220,8266,0,0,0,0,0,0,0,0,0,0,0,-
221,8380,48,음식이 맛있어요,42,재료가 신선해요,6,친절해요,6,양이 많아요,4,가성비가 좋아요,4,18016099
222,8720,138,음식이 맛있어요,103,친절해요,26,가성비가 좋아요,23,양이 많아요,21,재료가 신선해요,20,1811237121
223,8403,31,음식이 맛있어요,22,친절해요,11,매장이 청결해요,7,재료가 신선해요,6,양이 많아요,6,18842432
224,8452,23,음식이 맛있어요,11,가성비가 좋아요,10,친절해요,5,양이 많아요,5,재료가 신선해요,4,36003990
225,8173,0,0,0,0,0,0,0,0,0,0,0,-
226,8018,0,0,0,0,0,0,0,0,0,0,0,20882107
227,7812,0,0,0,0,0,0,0,0,0,0,0,-
228,8483,60,음식이 맛있어요,41,가성비가 좋아요,15,혼밥하기 좋아요,11,양이 많아요,10,친절해요,8,1907041649
229,8390,0,0,0,0,0,0,0,0,0,0,0,11784613
230,8356,100,음식이 맛있어요,55,가성비가 좋아요,55,친절해요,30,혼밥하기 좋아요,26,양이 많아요,19,18959415
231,8323,49,음식이 맛있어요,39,친절해요,8,매장이 넓어요,6,재료가 신선해요,4,양이 많아요,2,18861982
232,8295,201,음식이 맛있어요,116,친절해요,43,가성비가 좋아요,41,양이 많아요,25,혼밥하기 좋아요,16,18490270
233,8055,88,음식이 맛있어요,48,가성비가 좋아요,15,친절해요,12,재료가 신선해요,10,양이 많아요,9,17924788
234,8507,56,음식이 맛있어요,36,친절해요,12,가성비가 좋아요,11,재료가 신선해요,8,양이 많아요,5,36004730
235,8689,47,음식이 맛있어요,28,양이 많아요,14,가성비가 좋아요,11,혼밥하기 좋아요,6,친절해요,5,18721300
236,8283,16,음식이 맛있어요,9,가성비가 좋아요,7,친절해요,3,혼밥하기 좋아요,2,재료가 신선해요,1,36004918
237,8477,78,음식이 맛있어요,46,가성비가 좋아요,23,양이 많아요,13,재료가 신선해요,11,친절해요,11,18576428
238,8137,20,음식이 맛있어요,16,가성비가 좋아요,3,재료가 신선해요,2,친절해요,2,양이 많아요,2,20349400
239,8178,148,음식이 맛있어요,75,가성비가 좋아요,33,친절해요,23,혼밥하기 좋아요,9,양이 많아요,9,18704580
240,8281,80,음식이 맛있어요,46,가성비가 좋아요,41,친절해요,32,양이 많아요,23,혼밥하기 좋아요,14,20856960
241,7972,146,음식이 맛있어요,102,혼밥하기 좋아요,32,가성비가 좋아요,27,양이 많아요,15,친절해요,13,37943932
242,8282,10,음식이 맛있어요,8,양이 많아요,4,재료가 신선해요,3,가성비가 좋아요,3,친절해요,2,36004016
243,8606,339,음식이 맛있어요,195,가성비가 좋아요,113,혼밥하기 좋아요,81,친절해요,32,양이 많아요,30,1113883660
244,8340,29,음식이 맛있어요,19,친절해요,5,재료가 신선해요,3,가성비가 좋아요,3,매장이 청결해요,3,32873615
245,8306,378,음식이 맛있어요,320,친절해요,93,주차하기 편해요,63,재료가 신선해요,53,특별한 메뉴가 있어요,51,11861413
246,8998,58,음식이 맛있어요,44,가성비가 좋아요,13,친절해요,10,양이 많아요,8,재료가 신선해요,7,11718455
247,7813,94,음식이 맛있어요,55,가성비가 좋아요,43,친절해요,26,혼밥하기 좋아요,25,양이 많아요,14,18676275
248,8069,0,0,0,0,0,0,0,0,0,0,0,36004170
249,8076,28,음식이 맛있어요,20,가성비가 좋아요,12,친절해요,6,양이 많아요,5,혼밥하기 좋아요,4,36004024
250,8089,147,음식이 맛있어요,100,가성비가 좋아요,53,친절해요,33,양이 많아요,30,재료가 신선해요,18,20862517
251,8025,0,0,0,0,0,0,0,0,0,0,0,20823808
252,8240,0,0,0,0,0,0,0,0,0,0,0,-
253,7806,11,커피가 맛있어요,7,친절해요,5,음료가 맛있어요,2,인테리어가 멋져요,1,가성비가 좋아요,1,36004238
254,8455,54,음식이 맛있어요,30,혼밥하기 좋아요,15,가성비가 좋아요,12,친절해요,10,양이 많아요,5,20851041
255,8384,0,0,0,0,0,0,0,0,0,0,0,-
256,9000,464,음식이 맛있어요,271,양이 많아요,156,친절해요,107,가성비가 좋아요,85,혼밥하기 좋아요,79,13100219
257,8893,81,음식이 맛있어요,63,친절해요,22,특별한 메뉴가 있어요,21,재료가 신선해요,17,혼밥하기 좋아요,12,12936184
258,8518,0,0,0,0,0,0,0,0,0,0,0,-
259,8910,0,0,0,0,0,0,0,0,0,0,0,-
260,8906,61,음식이 맛있어요,39,가성비가 좋아요,11,친절해요,8,혼밥하기 좋아요,4,재료가 신선해요,4,17973223
261,8911,97,음식이 맛있어요,63,친절해요,20,재료가 신선해요,16,가성비가 좋아요,14,혼밥하기 좋아요,13,1331522359
262,8515,18,음식이 맛있어요,10,친절해요,9,가성비가 좋아요,9,혼밥하기 좋아요,2,재료가 신선해요,2,13358439
263,8890,153,음식이 맛있어요,112,재료가 신선해요,62,혼밥하기 좋아요,34,가성비가 좋아요,32,친절해요,26,38008776
264,8601,171,음식이 맛있어요,119,가성비가 좋아요,57,혼밥하기 좋아요,40,양이 많아요,24,친절해요,18,35272033
265,8865,137,음식이 맛있어요,109,가성비가 좋아요,22,친절해요,19,양이 많아요,17,재료가 신선해요,16,1036577547
266,8982,175,음식이 맛있어요,110,가성비가 좋아요,90,친절해요,48,양이 많아요,40,혼밥하기 좋아요,27,30976293
267,8916,664,음식이 맛있어요,356,가성비가 좋아요,291,양이 많아요,186,친절해요,89,혼밥하기 좋아요,75,34098437
268,8852,0,0,0,0,0,0,0,0,0,0,0,-
269,8809,37,음식이 맛있어요,22,재료가 신선해요,8,가성비가 좋아요,8,친절해요,5,양이 많아요,5,18557715
270,8641,51,음식이 맛있어요,30,가성비가 좋아요,11,재료가 신선해요,10,친절해요,10,혼밥하기 좋아요,8,20643104
271,8894,0,0,0,0,0,0,0,0,0,0,0,1175386138
272,8695,49,음식이 맛있어요,43,가성비가 좋아요,9,친절해요,8,단체모임 하기 좋아요,6,양이 많아요,4,18267801
273,8922,0,0,0,0,0,0,0,0,0,0,0,13404914
274,8984,34,음식이 맛있어요,20,친절해요,13,가성비가 좋아요,4,양이 많아요,3,매장이 청결해요,3,1724639089
275,8861,81,음식이 맛있어요,59,가성비가 좋아요,23,친절해요,21,양이 많아요,14,재료가 신선해요,13,38009154
276,8516,0,0,0,0,0,0,0,0,0,0,0,1867169591
277,8908,0,0,0,0,0,0,0,0,0,0,0,-
278,8968,0,0,0,0,0,0,0,0,0,0,0,-
279,8707,66,음식이 맛있어요,44,재료가 신선해요,11,가성비가 좋아요,10,친절해요,8,단체모임 하기 좋아요,5,11369836
280,8896,63,음식이 맛있어요,48,혼밥하기 좋아요,11,친절해요,9,양이 많아요,9,재료가 신선해요,6,13159662
281,8805,0,0,0,0,0,0,0,0,0,0,0,-
282,8925,0,0,0,0,0,0,0,0,0,0,0,-
283,8786,157,음식이 맛있어요,94,친절해요,39,가성비가 좋아요,26,재료가 신선해요,22,양이 많아요,7,31148514
284,8930,111,음식이 맛있어요,75,가성비가 좋아요,45,친절해요,31,양이 많아요,16,혼밥하기 좋아요,14,1154911299
285,8989,62,음식이 맛있어요,39,가성비가 좋아요,21,친절해요,17,양이 많아요,10,재료가 신선해요,7,33937197
286,8995,23,음식이 맛있어요,21,혼밥하기 좋아요,4,가성비가 좋아요,4,재료가 신선해요,3,친절해요,3,38277174
287,8514,45,음식이 맛있어요,27,가성비가 좋아요,11,친절해요,9,혼밥하기 좋아요,8,재료가 신선해요,5,20877928
288,8709,"2,696",음식이 맛있어요,2087,가성비가 좋아요,1271,양이 많아요,1155,친절해요,887,매장이 넓어요,791,18364648
289,9004,0,0,0,0,0,0,0,0,0,0,0,-
290,8866,535,음식이 맛있어요,433,특별한 메뉴가 있어요,163,재료가 신선해요,159,양이 많아요,125,친절해요,60,37778826
291,8966,0,0,0,0,0,0,0,0,0,0,0,-
292,9009,52,음식이 맛있어요,29,친절해요,18,혼밥하기 좋아요,12,가성비가 좋아요,12,양이 많아요,9,1076113973
293,8975,171,음식이 맛있어요,102,가성비가 좋아요,62,양이 많아요,34,친절해요,32,혼밥하기 좋아요,28,37943736
294,8799,0,0,0,0,0,0,0,0,0,0,0,-
295,8889,12,음식이 맛있어요,12,양이 많아요,2,친절해요,1,가성비가 좋아요,1,단체모임 하기 좋아요,1,19008938
296,8988,68,음식이 맛있어요,49,친절해요,19,가성비가 좋아요,19,단체모임 하기 좋아요,10,매장이 넓어요,8,33992449
297,8825,94,음식이 맛있어요,73,양이 많아요,24,가성비가 좋아요,16,혼밥하기 좋아요,15,친절해요,13,13159146
298,8817,19,음식이 맛있어요,16,친절해요,4,재료가 신선해요,3,가성비가 좋아요,3,양이 많아요,2,18232146
299,9002,64,음식이 맛있어요,48,재료가 신선해요,19,친절해요,13,양이 많아요,10,특별한 메뉴가 있어요,8,37065452
300,8996,0,0,0,0,0,0,0,0,0,0,0,13541875
301,8850,266,음식이 맛있어요,130,가성비가 좋아요,115,혼밥하기 좋아요,36,양이 많아요,35,친절해요,32,36399472
302,8964,0,0,0,0,0,0,0,0,0,0,0,-
303,8950,26,음식이 맛있어요,15,가성비가 좋아요,7,친절해요,4,인테리어가 멋져요,3,양이 많아요,3,19416193
304,8976,0,0,0,0,0,0,0,0,0,0,0,-
305,8812,0,0,0,0,0,0,0,0,0,0,0,18851904
306,8821,123,음식이 맛있어요,92,가성비가 좋아요,46,양이 많아요,30,친절해요,15,혼밥하기 좋아요,11,37925738
307,8807,0,0,0,0,0,0,0,0,0,0,0,-
308,8933,0,0,0,0,0,0,0,0,0,0,0,1286334962
309,8787,222,음식이 맛있어요,149,가성비가 좋아요,89,양이 많아요,47,친절해요,29,재료가 신선해요,26,20999754
310,8985,68,음식이 맛있어요,44,친절해요,27,가성비가 좋아요,15,양이 많아요,10,재료가 신선해요,9,1322560908
311,8734,57,음식이 맛있어요,44,친절해요,14,재료가 신선해요,5,혼밥하기 좋아요,3,가성비가 좋아요,3,13119320
312,8972,19,음식이 맛있어요,10,가성비가 좋아요,9,혼밥하기 좋아요,4,재료가 신선해요,1,친절해요,1,1605353547
313,8832,0,0,0,0,0,0,0,0,0,0,0,-
314,8954,0,0,0,0,0,0,0,0,0,0,0,-
315,8785,33,음식이 맛있어요,19,가성비가 좋아요,9,혼밥하기 좋아요,7,양이 많아요,6,친절해요,5,36004037
316,8836,55,음식이 맛있어요,38,가성비가 좋아요,16,친절해요,13,양이 많아요,13,혼밥하기 좋아요,7,31222782
317,8842,227,음식이 맛있어요,111,혼밥하기 좋아요,84,가성비가 좋아요,50,친절해요,44,양이 많아요,28,36004161
318,8806,0,0,0,0,0,0,0,0,0,0,0,31393461
319,8986,323,음식이 맛있어요,261,친절해요,99,가성비가 좋아요,58,혼밥하기 좋아요,52,재료가 신선해요,48,20691128
320,8903,64,음식이 맛있어요,41,혼밥하기 좋아요,12,친절해요,12,가성비가 좋아요,7,재료가 신선해요,4,1133209036
321,8794,0,0,0,0,0,0,0,0,0,0,0,34349549
322,8860,238,음식이 맛있어요,157,매장이 넓어요,64,가성비가 좋아요,49,친절해요,47,매장이 청결해요,43,36004336
323,8905,31,음식이 맛있어요,19,친절해요,7,가성비가 좋아요,7,혼밥하기 좋아요,6,매장이 청결해요,4,1401825486
324,8630,62,음식이 맛있어요,37,가성비가 좋아요,14,친절해요,12,재료가 신선해요,7,양이 많아요,7,20624387
325,8994,244,음식이 맛있어요,149,가성비가 좋아요,96,혼밥하기 좋아요,80,양이 많아요,65,친절해요,40,35051091
326,8700,0,0,0,0,0,0,0,0,0,0,0,13571707
327,9005,125,음식이 맛있어요,86,가성비가 좋아요,44,친절해요,25,양이 많아요,19,재료가 신선해요,13,1750362890
328,8796,17,음식이 맛있어요,11,친절해요,5,가성비가 좋아요,1,매장이 청결해요,1,0,0,36004171
329,8963,95,음식이 맛있어요,62,친절해요,24,재료가 신선해요,20,혼밥하기 좋아요,19,특별한 메뉴가 있어요,19,1514591801
330,8691,0,0,0,0,0,0,0,0,0,0,0,38724014
331,8970,108,음식이 맛있어요,77,가성비가 좋아요,25,양이 많아요,24,재료가 신선해요,20,친절해요,18,34806890
332,8638,51,음식이 맛있어요,32,가성비가 좋아요,14,친절해요,10,혼밥하기 좋아요,9,특별한 메뉴가 있어요,7,31357502
333,8913,0,0,0,0,0,0,0,0,0,0,0,-
334,8847,0,0,0,0,0,0,0,0,0,0,0,-
335,8973,0,0,0,0,0,0,0,0,0,0,0,1832014369
336,8955,14,가성비가 좋아요,10,음식이 맛있어요,9,혼밥하기 좋아요,7,친절해요,4,재료가 신선해요,3,1572143209
337,8974,0,0,0,0,0,0,0,0,0,0,0,-
338,8978,281,음식이 맛있어요,221,친절해요,116,재료가 신선해요,54,매장이 청결해요,35,가성비가 좋아요,34,18990309
339,8512,0,0,0,0,0,0,0,0,0,0,0,-
340,9013,0,0,0,0,0,0,0,0,0,0,0,-
341,9012,0,0,0,0,0,0,0,0,0,0,0,1387047844
342,9093,218,재료가 신선해요,92,친절해요,59,가성비가 좋아요,56,음식이 맛있어요,45,양이 많아요,9,1387446523
343,9140,0,0,0,0,0,0,0,0,0,0,0,-
344,9284,105,음식이 맛있어요,86,친절해요,28,특별한 메뉴가 있어요,13,가성비가 좋아요,12,재료가 신선해요,11,13501543
345,9318,21,음식이 맛있어요,18,양이 많아요,5,친절해요,4,가성비가 좋아요,4,특별한 메뉴가 있어요,3,13053480
346,9465,56,음식이 맛있어요,42,양이 많아요,12,가성비가 좋아요,9,친절해요,8,재료가 신선해요,7,18624070
347,9288,0,0,0,0,0,0,0,0,0,0,0,-
348,9289,34,음식이 맛있어요,25,가성비가 좋아요,15,양이 많아요,13,친절해요,11,혼밥하기 좋아요,6,19033349
349,9317,227,음식이 맛있어요,164,친절해요,63,재료가 신선해요,47,특별한 메뉴가 있어요,38,양이 많아요,28,13124594
350,9322,0,0,0,0,0,0,0,0,0,0,0,-
351,9055,0,0,0,0,0,0,0,0,0,0,0,-
352,9285,137,음식이 맛있어요,73,친절해요,36,가성비가 좋아요,23,단체모임 하기 좋아요,19,매장이 넓어요,18,12859870
353,9450,0,0,0,0,0,0,0,0,0,0,0,-
354,9142,0,0,0,0,0,0,0,0,0,0,0,-
355,9145,0,0,0,0,0,0,0,0,0,0,0,-
356,9017,156,음식이 맛있어요,112,혼밥하기 좋아요,22,가성비가 좋아요,21,친절해요,20,양이 많아요,20,31663241
357,9377,0,0,0,0,0,0,0,0,0,0,0,-
358,9141,0,0,0,0,0,0,0,0,0,0,0,1175597654
359,9203,27,음식이 맛있어요,16,가성비가 좋아요,7,양이 많아요,5,친절해요,4,혼밥하기 좋아요,2,36998476
360,9219,0,0,0,0,0,0,0,0,0,0,0,11475554
361,9299,0,0,0,0,0,0,0,0,0,0,0,-
362,9300,0,0,0,0,0,0,0,0,0,0,0,-
363,9383,0,0,0,0,0,0,0,0,0,0,0,-
364,9179,22,음료가 맛있어요,9,특별한 메뉴가 있어요,6,친절해요,5,커피가 맛있어요,3,가성비가 좋아요,3,1174818416
365,9032,102,음식이 맛있어요,70,가성비가 좋아요,19,친절해요,18,양이 많아요,16,재료가 신선해요,7,1946960078
366,9356,0,0,0,0,0,0,0,0,0,0,0,-
367,9185,0,0,0,0,0,0,0,0,0,0,0,-
368,9224,54,음식이 맛있어요,39,혼밥하기 좋아요,8,친절해요,5,양이 많아요,4,가성비가 좋아요,4,12850492
369,9207,0,0,0,0,0,0,0,0,0,0,0,-
370,9360,0,0,0,0,0,0,0,0,0,0,0,1562699288
371,9386,75,음식이 맛있어요,60,가성비가 좋아요,32,친절해요,14,양이 많아요,12,혼밥하기 좋아요,8,1131372520
372,9234,0,0,0,0,0,0,0,0,0,0,0,1259551793
373,9292,79,음식이 맛있어요,57,친절해요,15,혼밥하기 좋아요,12,가성비가 좋아요,12,재료가 신선해요,6,37943784
374,9372,0,0,0,0,0,0,0,0,0,0,0,-
375,9033,0,0,0,0,0,0,0,0,0,0,0,-
376,9036,0,0,0,0,0,0,0,0,0,0,0,-
377,9358,0,0,0,0,0,0,0,0,0,0,0,1670518861
378,9182,53,음식이 맛있어요,45,양이 많아요,9,재료가 신선해요,8,친절해요,7,특별한 메뉴가 있어요,7,37997070
379,9169,0,0,0,0,0,0,0,0,0,0,0,-
380,9037,0,0,0,0,0,0,0,0,0,0,0,-
381,9374,166,음식이 맛있어요,122,친절해요,50,매장이 청결해요,30,가성비가 좋아요,29,혼밥하기 좋아요,18,1304103471
382,9114,16,음식이 맛있어요,10,혼밥하기 좋아요,2,재료가 신선해요,2,친절해요,2,양이 많아요,2,21783465
383,9396,13,음식이 맛있어요,6,친절해요,5,양이 많아요,2,가성비가 좋아요,2,매장이 청결해요,2,1700422699
384,9116,288,음식이 맛있어요,155,재료가 신선해요,107,매장이 넓어요,87,가성비가 좋아요,65,친절해요,45,34228781
385,9357,0,0,0,0,0,0,0,0,0,0,0,1954163238
386,9397,65,음식이 맛있어요,43,가성비가 좋아요,21,혼밥하기 좋아요,13,친절해요,11,재료가 신선해요,9,1937561519
387,9350,0,0,0,0,0,0,0,0,0,0,0,-
388,9056,90,음식이 맛있어요,66,친절해요,24,양이 많아요,15,가성비가 좋아요,14,재료가 신선해요,7,1258383423
389,9149,0,0,0,0,0,0,0,0,0,0,0,-
390,9120,0,0,0,0,0,0,0,0,0,0,0,-
391,9376,0,0,0,0,0,0,0,0,0,0,0,-
392,9050,82,음식이 맛있어요,61,가성비가 좋아요,21,양이 많아요,15,혼밥하기 좋아요,14,친절해요,14,21727731
393,9068,36,음식이 맛있어요,29,양이 많아요,6,가성비가 좋아요,6,혼밥하기 좋아요,5,친절해요,4,1367989773
394,9415,0,0,0,0,0,0,0,0,0,0,0,-
395,9412,0,0,0,0,0,0,0,0,0,0,0,-
396,9245,46,음식이 맛있어요,33,혼밥하기 좋아요,10,가성비가 좋아요,9,친절해요,7,매장이 넓어요,3,860263425
397,9100,94,음식이 맛있어요,48,친절해요,25,가성비가 좋아요,24,혼밥하기 좋아요,15,양이 많아요,9,1291338444
398,9072,97,음식이 맛있어요,68,친절해요,20,가성비가 좋아요,17,재료가 신선해요,12,매장이 넓어요,12,1478916533
399,9406,0,0,0,0,0,0,0,0,0,0,0,11734143
400,9407,0,0,0,0,0,0,0,0,0,0,0,11734143
401,9408,0,0,0,0,0,0,0,0,0,0,0,11734143
402,9482,11,음식이 맛있어요,7,양이 많아요,2,가성비가 좋아요,2,혼밥하기 좋아요,1,재료가 신선해요,1,20854797
403,9432,13,가성비가 좋아요,8,혼밥하기 좋아요,6,음식이 맛있어요,6,매장이 청결해요,3,재료가 신선해요,2,1915911484
404,9464,0,0,0,0,0,0,0,0,0,0,0,1085874481
405,9325,0,0,0,0,0,0,0,0,0,0,0,-
406,9023,0,0,0,0,0,0,0,0,0,0,0,-
407,9193,46,음식이 맛있어요,36,친절해요,18,가성비가 좋아요,17,재료가 신선해요,11,양이 많아요,6,18800778
408,9175,129,음식이 맛있어요,81,친절해요,25,가성비가 좋아요,24,양이 많아요,20,재료가 신선해요,7,37175875
409,9166,537,음식이 맛있어요,422,혼밥하기 좋아요,156,가성비가 좋아요,140,친절해요,139,양이 많아요,106,37069580
410,9313,56,음식이 맛있어요,36,재료가 신선해요,17,가성비가 좋아요,17,친절해요,16,양이 많아요,8,37896106
411,9201,257,음식이 맛있어요,158,가성비가 좋아요,82,양이 많아요,45,친절해요,36,재료가 신선해요,26,37943733
412,9314,0,0,0,0,0,0,0,0,0,0,0,-
413,9308,0,0,0,0,0,0,0,0,0,0,0,-
414,9038,0,0,0,0,0,0,0,0,0,0,0,-
415,9039,0,0,0,0,0,0,0,0,0,0,0,18661953
416,9195,752,음식이 맛있어요,435,가성비가 좋아요,251,친절해요,121,혼밥하기 좋아요,94,양이 많아요,92,13500194
417,9124,0,0,0,0,0,0,0,0,0,0,0,-
418,9347,0,0,0,0,0,0,0,0,0,0,0,-
419,9346,72,음식이 맛있어요,34,가성비가 좋아요,22,혼밥하기 좋아요,11,친절해요,11,양이 많아요,7,20835411
420,9319,0,0,0,0,0,0,0,0,0,0,0,-
421,9018,0,0,0,0,0,0,0,0,0,0,0,-
422,9016,71,음식이 맛있어요,49,친절해요,11,가성비가 좋아요,11,양이 많아요,10,재료가 신선해요,6,1037182283
423,9265,28,커피가 맛있어요,15,인테리어가 멋져요,5,음료가 맛있어요,4,친절해요,4,대화하기 좋아요,4,13438891
424,9316,0,0,0,0,0,0,0,0,0,0,0,36004442
425,9320,0,0,0,0,0,0,0,0,0,0,0,-
426,9148,0,0,0,0,0,0,0,0,0,0,0,-
427,9253,37,음식이 맛있어요,30,가성비가 좋아요,16,양이 많아요,11,친절해요,9,혼밥하기 좋아요,6,1603157003
428,9161,621,음식이 맛있어요,404,가성비가 좋아요,252,양이 많아요,208,친절해요,96,재료가 신선해요,88,13039298
429,9321,42,음식이 맛있어요,25,친절해요,15,가성비가 좋아요,9,혼밥하기 좋아요,8,양이 많아요,6,20845950
430,9202,0,0,0,0,0,0,0,0,0,0,0,-
431,9242,0,0,0,0,0,0,0,0,0,0,0,17965886
432,9275,22,커피가 맛있어요,12,가성비가 좋아요,11,친절해요,9,음료가 맛있어요,7,매장이 청결해요,3,31824377
433,9363,35,음식이 맛있어요,20,혼밥하기 좋아요,11,친절해요,9,재료가 신선해요,8,가성비가 좋아요,6,20831015
434,9291,55,음식이 맛있어요,30,혼밥하기 좋아요,24,가성비가 좋아요,16,매장이 청결해요,16,친절해요,13,75868739
435,9066,0,0,0,0,0,0,0,0,0,0,0,-
436,9084,0,0,0,0,0,0,0,0,0,0,0,-
437,9153,0,0,0,0,0,0,0,0,0,0,0,-
438,9267,0,0,0,0,0,0,0,0,0,0,0,-
439,9323,222,음식이 맛있어요,176,가성비가 좋아요,31,양이 많아요,29,친절해요,28,혼밥하기 좋아요,20,19034050
440,9324,23,친절해요,11,음식이 맛있어요,10,가성비가 좋아요,4,매장이 청결해요,4,단체모임 하기 좋아요,4,19024688
441,9123,63,음식이 맛있어요,53,재료가 신선해요,24,가성비가 좋아요,15,특별한 메뉴가 있어요,15,친절해요,9,13156634
442,9294,92,음식이 맛있어요,61,양이 많아요,35,가성비가 좋아요,35,혼밥하기 좋아요,21,친절해요,20,32284691
443,9118,59,음식이 맛있어요,35,가성비가 좋아요,16,친절해요,9,재료가 신선해요,7,양이 많아요,7,298781155
444,9243,80,커피가 맛있어요,49,디저트가 맛있어요,38,친절해요,36,음료가 맛있어요,29,인테리어가 멋져요,20,37263807
445,9205,22,가성비가 좋아요,12,음식이 맛있어요,10,친절해요,5,혼밥하기 좋아요,4,양이 많아요,4,34006967
446,9355,530,음식이 맛있어요,496,양이 많아요,144,재료가 신선해요,94,친절해요,79,가성비가 좋아요,67,13149768
447,9389,48,음식이 맛있어요,38,재료가 신선해요,20,혼밥하기 좋아요,15,가성비가 좋아요,14,친절해요,8,1221855065
448,9278,231,음식이 맛있어요,137,가성비가 좋아요,95,양이 많아요,76,혼밥하기 좋아요,68,친절해요,36,1566032438
449,9104,0,0,0,0,0,0,0,0,0,0,0,484551453
450,9382,58,음식이 맛있어요,40,친절해요,10,가성비가 좋아요,10,기본 안주가 좋아요,8,매장이 청결해요,8,13438431
451,9187,239,음식이 맛있어요,138,가성비가 좋아요,63,재료가 신선해요,55,친절해요,40,혼밥하기 좋아요,31,1858549253
452,9222,149,음식이 맛있어요,105,가성비가 좋아요,69,양이 많아요,38,친절해요,29,혼밥하기 좋아요,24,13389516
453,9196,133,음식이 맛있어요,102,친절해요,27,재료가 신선해요,15,양이 많아요,13,가성비가 좋아요,12,17993410
454,9035,60,음식이 맛있어요,43,친절해요,24,혼밥하기 좋아요,13,가성비가 좋아요,11,단체모임 하기 좋아요,5,31393537
455,9344,0,0,0,0,0,0,0,0,0,0,0,-
456,9282,0,0,0,0,0,0,0,0,0,0,0,36445346
457,9387,16,음식이 맛있어요,13,재료가 신선해요,5,친절해요,4,양이 많아요,3,매장이 청결해요,3,37069188
458,9192,88,음식이 맛있어요,60,가성비가 좋아요,20,혼밥하기 좋아요,17,친절해요,15,양이 많아요,13,19886228
459,9228,82,음식이 맛있어요,47,친절해요,15,양이 많아요,14,가성비가 좋아요,12,혼밥하기 좋아요,6,1816161265
460,9151,0,0,0,0,0,0,0,0,0,0,0,-
461,9378,43,음식이 맛있어요,26,가성비가 좋아요,15,혼밥하기 좋아요,12,친절해요,11,양이 많아요,7,1192032068
462,9119,36,음식이 맛있어요,22,친절해요,13,단체모임 하기 좋아요,10,재료가 신선해요,8,양이 많아요,8,1896606742
463,9075,326,음식이 맛있어요,212,가성비가 좋아요,74,매장이 넓어요,54,친절해요,42,혼밥하기 좋아요,34,35048120
464,9379,80,음식이 맛있어요,54,가성비가 좋아요,23,혼밥하기 좋아요,19,친절해요,19,재료가 신선해요,12,1490220108
465,9233,115,음식이 맛있어요,84,가성비가 좋아요,50,혼밥하기 좋아요,39,양이 많아요,29,친절해요,23,18487094
466,9254,166,음식이 맛있어요,94,혼밥하기 좋아요,41,가성비가 좋아요,30,친절해요,20,재료가 신선해요,11,1247598293
467,9290,139,음식이 맛있어요,96,가성비가 좋아요,41,친절해요,29,양이 많아요,28,재료가 신선해요,27,32323346
468,9143,0,0,0,0,0,0,0,0,0,0,0,18269597
469,9296,31,음식이 맛있어요,16,가성비가 좋아요,12,양이 많아요,9,혼밥하기 좋아요,8,친절해요,7,1230315996
470,9298,113,음식이 맛있어요,66,양이 많아요,46,가성비가 좋아요,42,친절해요,24,혼밥하기 좋아요,22,77948658
471,9301,0,0,0,0,0,0,0,0,0,0,0,1462228665
472,9191,67,음식이 맛있어요,44,가성비가 좋아요,18,혼밥하기 좋아요,15,양이 많아요,12,친절해요,11,36262323
473,9198,131,음식이 맛있어요,83,친절해요,31,가성비가 좋아요,31,혼밥하기 좋아요,24,매장이 넓어요,14,34628680
474,9266,0,0,0,0,0,0,0,0,0,0,0,-
475,9380,0,0,0,0,0,0,0,0,0,0,0,-
476,9304,21,음식이 맛있어요,17,가성비가 좋아요,7,재료가 신선해요,6,양이 많아요,6,혼밥하기 좋아요,4,1837272144
477,9584,55,음식이 맛있어요,39,양이 많아요,7,가성비가 좋아요,6,친절해요,5,매장이 청결해요,5,195307621
478,9309,13,음식이 맛있어요,11,재료가 신선해요,4,친절해요,2,인테리어가 멋져요,1,양이 많아요,1,38009901
479,9426,30,음식이 맛있어요,19,혼밥하기 좋아요,7,가성비가 좋아요,4,재료가 신선해요,3,양이 많아요,3,36004212
480,9384,24,음식이 맛있어요,12,친절해요,7,혼밥하기 좋아요,5,재료가 신선해요,5,양이 많아요,5,37592394
481,9381,90,음식이 맛있어요,55,가성비가 좋아요,21,재료가 신선해요,17,양이 많아요,12,친절해요,11,1537995339
482,9390,0,0,0,0,0,0,0,0,0,0,0,1009441757
483,9241,105,음식이 맛있어요,68,가성비가 좋아요,36,양이 많아요,24,친절해요,18,혼밥하기 좋아요,14,1538256502
484,9312,162,음식이 맛있어요,115,가성비가 좋아요,54,재료가 신선해요,26,양이 많아요,24,친절해요,21,545572596
485,9274,0,0,0,0,0,0,0,0,0,0,0,-
486,9373,15,음식이 맛있어요,8,가성비가 좋아요,4,친절해요,3,혼밥하기 좋아요,2,재료가 신선해요,2,1217116492
487,9293,38,음식이 맛있어요,25,친절해요,8,가성비가 좋아요,8,양이 많아요,6,재료가 신선해요,5,18710054
488,9295,16,음식이 맛있어요,12,가성비가 좋아요,11,친절해요,9,양이 많아요,6,매장이 넓어요,2,384576928
489,9303,0,0,0,0,0,0,0,0,0,0,0,-
490,9305,0,0,0,0,0,0,0,0,0,0,0,11851654
491,9306,93,음식이 맛있어요,56,친절해요,23,양이 많아요,20,가성비가 좋아요,13,단체모임 하기 좋아요,9,20734849
492,9307,164,음식이 맛있어요,128,가성비가 좋아요,66,친절해요,43,매장이 넓어요,21,단체모임 하기 좋아요,20,13558011
493,9310,58,혼밥하기 좋아요,35,음식이 맛있어요,14,가성비가 좋아요,10,친절해요,3,재료가 신선해요,2,1081869558
494,9311,0,0,0,0,0,0,0,0,0,0,0,1419012806
495,9173,124,음식이 맛있어요,76,혼밥하기 좋아요,31,가성비가 좋아요,27,친절해요,21,매장이 청결해요,17,20893493
496,9178,50,음식이 맛있어요,32,가성비가 좋아요,15,친절해요,8,양이 많아요,7,혼밥하기 좋아요,2,20827758
497,9132,58,혼밥하기 좋아요,19,음식이 맛있어요,18,가성비가 좋아요,16,친절해요,12,메뉴 구성이 알차요,8,13149674
498,9261,0,0,0,0,0,0,0,0,0,0,0,1719645492
499,9236,75,음식이 맛있어요,43,친절해요,30,반찬이 잘 나와요,15,혼밥하기 좋아요,13,재료가 신선해요,12,1849117994
500,9273,0,0,0,0,0,0,0,0,0,0,0,-
501,9044,151,음식이 맛있어요,133,친절해요,69,재료가 신선해요,55,특별한 메뉴가 있어요,41,양이 많아요,29,36615409
502,9351,11,가성비가 좋아요,5,음식이 맛있어요,4,친절해요,3,혼밥하기 좋아요,2,0,0,1264394150
503,9302,53,음식이 맛있어요,38,가성비가 좋아요,17,양이 많아요,13,재료가 신선해요,7,혼밥하기 좋아요,6,21172125
504,9131,0,0,0,0,0,0,0,0,0,0,0,18784219
505,9359,0,0,0,0,0,0,0,0,0,0,0,-
506,9240,37,혼밥하기 좋아요,16,음식이 맛있어요,13,가성비가 좋아요,11,양이 많아요,4,재료가 신선해요,3,1070175175
507,9276,40,음식이 맛있어요,19,가성비가 좋아요,16,양이 많아요,8,혼밥하기 좋아요,5,재료가 신선해요,5,1669517806
508,9287,0,0,0,0,0,0,0,0,0,0,0,-
509,9349,23,음식이 맛있어요,11,가성비가 좋아요,8,친절해요,4,기본 안주가 좋아요,3,대화하기 좋아요,2,38276826
510,9297,0,0,0,0,0,0,0,0,0,0,0,19035871
511,9022,0,0,0,0,0,0,0,0,0,0,0,1834867364
512,9184,33,음식이 맛있어요,18,혼밥하기 좋아요,11,가성비가 좋아요,11,친절해요,8,양이 많아요,6,20912237
513,9352,42,음식이 맛있어요,25,친절해요,13,가성비가 좋아요,6,혼밥하기 좋아요,4,양이 많아요,4,18589971
514,9385,88,음식이 맛있어요,58,친절해요,18,혼밥하기 좋아요,15,가성비가 좋아요,15,재료가 신선해요,7,1558499234
515,9354,143,음식이 맛있어요,92,가성비가 좋아요,38,혼밥하기 좋아요,35,친절해요,28,양이 많아요,20,20642561
516,9286,17,음식이 맛있어요,10,친절해요,6,가성비가 좋아요,4,재료가 신선해요,2,양이 많아요,2,1493009891
517,9280,41,음식이 맛있어요,24,가성비가 좋아요,21,친절해요,12,재료가 신선해요,11,양이 많아요,11,18859961
518,9062,90,친절해요,32,디저트가 맛있어요,30,가성비가 좋아요,22,특별한 메뉴가 있어요,18,커피가 맛있어요,13,32372227
519,9063,38,음식이 맛있어요,24,친절해요,21,가성비가 좋아요,20,단체모임 하기 좋아요,9,특별한 메뉴가 있어요,7,18241106
520,9138,0,0,0,0,0,0,0,0,0,0,0,20859675
521,9139,90,음식이 맛있어요,65,가성비가 좋아요,36,친절해요,28,양이 많아요,21,재료가 신선해요,20,1930712337
522,9144,26,음식이 맛있어요,18,가성비가 좋아요,6,친절해요,4,양이 많아요,3,혼밥하기 좋아요,2,1962517902
523,9249,70,음식이 맛있어요,55,가성비가 좋아요,17,친절해요,15,재료가 신선해요,13,양이 많아요,12,38325046
524,9370,45,음식이 맛있어요,37,재료가 신선해요,15,친절해요,12,특별한 메뉴가 있어요,8,가성비가 좋아요,5,1316796774
525,9255,72,음식이 맛있어요,49,가성비가 좋아요,17,양이 많아요,14,친절해요,11,매장이 넓어요,11,37378896
526,9348,35,음식이 맛있어요,22,가성비가 좋아요,8,재료가 신선해요,4,양이 많아요,4,반찬이 잘 나와요,3,1895441129
527,9137,41,음식이 맛있어요,28,친절해요,22,가성비가 좋아요,18,특별한 메뉴가 있어요,5,기본 안주가 좋아요,4,20917002
528,9371,71,음식이 맛있어요,40,가성비가 좋아요,23,친절해요,20,양이 많아요,12,단체모임 하기 좋아요,10,13154988
529,9121,50,음식이 맛있어요,29,친절해요,12,혼밥하기 좋아요,9,재료가 신선해요,9,반찬이 잘 나와요,8,17990830
530,9122,15,음식이 맛있어요,11,가성비가 좋아요,8,친절해요,4,양이 많아요,2,반찬이 잘 나와요,2,38522039
531,9168,23,음식이 맛있어요,8,가성비가 좋아요,8,특별한 메뉴가 있어요,7,혼밥하기 좋아요,4,친절해요,3,20835269
532,9170,24,음식이 맛있어요,17,친절해요,8,가성비가 좋아요,3,혼밥하기 좋아요,2,재료가 신선해요,2,18057790
533,9098,15,음식이 맛있어요,11,혼밥하기 좋아요,2,친절해요,2,양이 많아요,1,가성비가 좋아요,1,37943730
534,9211,24,음식이 맛있어요,18,가성비가 좋아요,7,친절해요,5,재료가 신선해요,3,양이 많아요,3,1566114302
535,9135,0,0,0,0,0,0,0,0,0,0,0,-
536,9190,43,빵이 맛있어요,23,친절해요,11,가성비가 좋아요,7,특별한 메뉴가 있어요,7,매장이 청결해요,6,31068103
537,9251,30,음식이 맛있어요,19,친절해요,6,혼밥하기 좋아요,3,재료가 신선해요,2,양이 많아요,2,676896775
538,9214,57,음식이 맛있어요,32,가성비가 좋아요,25,친절해요,9,재료가 신선해요,8,매장이 넓어요,6,331485114
539,9227,40,음식이 맛있어요,23,혼밥하기 좋아요,18,가성비가 좋아요,15,재료가 신선해요,7,친절해요,3,1461511600
540,9229,15,음식이 맛있어요,7,양이 많아요,5,혼밥하기 좋아요,3,친절해요,3,주차하기 편해요,2,1055203174
541,9174,102,음식이 맛있어요,76,가성비가 좋아요,47,친절해요,29,혼밥하기 좋아요,25,양이 많아요,16,19833113
542,9176,49,혼밥하기 좋아요,18,음식이 맛있어요,18,가성비가 좋아요,16,친절해요,12,양이 많아요,8,18640501
543,9268,0,0,0,0,0,0,0,0,0,0,0,-
544,9146,44,음식이 맛있어요,33,친절해요,11,양이 많아요,8,혼밥하기 좋아요,7,가성비가 좋아요,7,1825413835
545,9212,50,음식이 맛있어요,22,가성비가 좋아요,22,친절해요,10,재료가 신선해요,6,매장이 청결해요,6,1467522045
546,9134,33,음식이 맛있어요,27,친절해요,11,혼밥하기 좋아요,7,가성비가 좋아요,7,양이 많아요,5,1025015376
547,9398,148,음식이 맛있어요,100,가성비가 좋아요,48,양이 많아요,37,친절해요,15,재료가 신선해요,13,37841717
548,9152,0,0,0,0,0,0,0,0,0,0,0,-
549,9097,44,음식이 맛있어요,32,가성비가 좋아요,20,혼밥하기 좋아요,18,친절해요,13,매장이 청결해요,13,20834538
550,9361,0,0,0,0,0,0,0,0,0,0,0,-
551,9108,40,음식이 맛있어요,24,친절해요,15,가성비가 좋아요,8,단체모임 하기 좋아요,4,매장이 청결해요,3,18979137
552,9115,26,음식이 맛있어요,22,친절해요,4,가성비가 좋아요,2,단체모임 하기 좋아요,2,주차하기 편해요,1,1016011800
553,9102,38,음식이 맛있어요,25,양이 많아요,10,친절해요,9,혼밥하기 좋아요,4,가성비가 좋아요,4,18536447
554,9117,42,음식이 맛있어요,31,친절해요,12,재료가 신선해요,9,가성비가 좋아요,8,양이 많아요,4,37943756
555,9096,158,친절해요,63,음식이 맛있어요,55,가성비가 좋아요,30,혼밥하기 좋아요,19,양이 많아요,17,20284071
556,9248,0,0,0,0,0,0,0,0,0,0,0,18476076
557,9250,13,음식이 맛있어요,8,가성비가 좋아요,4,혼밥하기 좋아요,2,친절해요,2,양이 많아요,1,18802298
558,9256,34,음식이 맛있어요,18,가성비가 좋아요,14,친절해요,10,양이 많아요,8,혼밥하기 좋아요,4,32260222
559,9047,0,0,0,0,0,0,0,0,0,0,0,-
560,9194,0,0,0,0,0,0,0,0,0,0,0,-
561,9401,0,0,0,0,0,0,0,0,0,0,0,35623649
562,9231,86,음식이 맛있어요,62,가성비가 좋아요,16,친절해요,12,혼밥하기 좋아요,9,재료가 신선해요,6,1027734936
563,9128,57,음식이 맛있어요,43,가성비가 좋아요,20,양이 많아요,8,친절해요,5,혼밥하기 좋아요,3,37997430
564,9020,0,0,0,0,0,0,0,0,0,0,0,-
565,9087,0,0,0,0,0,0,0,0,0,0,0,1561325522
566,9090,56,음식이 맛있어요,38,가성비가 좋아요,14,양이 많아요,13,재료가 신선해요,11,친절해요,8,1966828848
567,9230,0,0,0,0,0,0,0,0,0,0,0,1442537851
568,9095,0,0,0,0,0,0,0,0,0,0,0,1937693433
569,9402,41,음식이 맛있어요,31,친절해요,10,가성비가 좋아요,10,재료가 신선해요,9,양이 많아요,8,18692770
570,9403,0,0,0,0,0,0,0,0,0,0,0,-
571,9404,56,음식이 맛있어요,41,친절해요,11,양이 많아요,8,특별한 메뉴가 있어요,8,재료가 신선해요,7,13277118
572,9089,71,음식이 맛있어요,48,가성비가 좋아요,29,친절해요,13,혼밥하기 좋아요,12,양이 많아요,12,1445059836
573,9064,0,0,0,0,0,0,0,0,0,0,0,-
574,9216,172,음식이 맛있어요,128,재료가 신선해요,51,가성비가 좋아요,41,친절해요,38,양이 많아요,34,38010817
575,9400,70,음식이 맛있어요,52,가성비가 좋아요,24,혼밥하기 좋아요,17,친절해요,12,양이 많아요,9,1364396777
576,9252,53,음식이 맛있어요,38,가성비가 좋아요,20,친절해요,15,재료가 신선해요,6,양이 많아요,5,1249890871
577,9215,174,음식이 맛있어요,111,가성비가 좋아요,38,양이 많아요,33,친절해요,28,특별한 메뉴가 있어요,9,21025025
578,9150,62,음식이 맛있어요,57,친절해요,39,재료가 신선해요,31,가성비가 좋아요,26,매장이 청결해요,24,1644518651
579,9368,268,음식이 맛있어요,214,친절해요,66,가성비가 좋아요,41,재료가 신선해요,38,양이 많아요,31,868705283
580,9395,0,0,0,0,0,0,0,0,0,0,0,18466388
581,9027,35,음식이 맛있어요,14,친절해요,6,양이 많아요,5,가성비가 좋아요,5,재료가 신선해요,4,1379299836
582,9388,87,음식이 맛있어요,63,가성비가 좋아요,54,혼밥하기 좋아요,43,양이 많아요,30,친절해요,20,1483294034
583,9086,102,음식이 맛있어요,73,양이 많아요,22,가성비가 좋아요,21,친절해요,20,재료가 신선해요,16,1241202193
584,9052,32,음식이 맛있어요,16,가성비가 좋아요,14,친절해요,8,양이 많아요,7,혼밥하기 좋아요,5,429895360
585,9206,76,음식이 맛있어요,58,친절해요,18,가성비가 좋아요,15,재료가 신선해요,10,양이 많아요,7,18694786
586,9281,30,음식이 맛있어요,14,재료가 신선해요,9,가성비가 좋아요,9,특별한 메뉴가 있어요,9,매장이 넓어요,7,13157870
587,9208,59,음식이 맛있어요,41,친절해요,14,가성비가 좋아요,14,양이 많아요,9,재료가 신선해요,8,18769778
588,9054,0,0,0,0,0,0,0,0,0,0,0,-
589,9237,42,음식이 맛있어요,21,가성비가 좋아요,9,양이 많아요,7,재료가 신선해요,6,매장이 넓어요,6,18804889
590,9369,0,0,0,0,0,0,0,0,0,0,0,-
591,9155,0,0,0,0,0,0,0,0,0,0,0,-
592,9277,41,음식이 맛있어요,25,가성비가 좋아요,18,혼밥하기 좋아요,12,양이 많아요,11,친절해요,8,1875173711
593,9046,43,음식이 맛있어요,33,가성비가 좋아요,12,친절해요,8,양이 많아요,7,특별한 메뉴가 있어요,7,33292620
594,9048,419,음식이 맛있어요,357,친절해요,279,양이 많아요,182,재료가 신선해요,172,가성비가 좋아요,167,35298956
595,9270,49,커피가 맛있어요,38,음료가 맛있어요,12,가성비가 좋아요,10,특별한 메뉴가 있어요,7,친절해요,5,35992664
596,9594,148,음식이 맛있어요,106,친절해요,61,양이 많아요,50,재료가 신선해요,48,가성비가 좋아요,44,31186331
597,9500,44,음식이 맛있어요,35,친절해요,11,재료가 신선해요,10,양이 많아요,5,특별한 메뉴가 있어요,5,12982235
598,9572,148,음식이 맛있어요,89,혼밥하기 좋아요,35,가성비가 좋아요,27,친절해요,25,양이 많아요,20,1228606411
599,9608,73,빵이 맛있어요,43,가성비가 좋아요,23,친절해요,21,특별한 메뉴가 있어요,10,매장이 청결해요,9,1708553853
600,9609,38,음식이 맛있어요,30,재료가 신선해요,20,가성비가 좋아요,19,양이 많아요,13,특별한 메뉴가 있어요,13,1464889020
601,9438,60,음식이 맛있어요,43,친절해요,9,가성비가 좋아요,8,단체모임 하기 좋아요,8,재료가 신선해요,7,33878519
602,9447,0,0,0,0,0,0,0,0,0,0,0,-
603,9446,0,0,0,0,0,0,0,0,0,0,0,1824435379
604,9488,32,음식이 맛있어요,21,친절해요,10,재료가 신선해요,7,가성비가 좋아요,5,매장이 청결해요,5,1060408601
605,9460,106,커피가 맛있어요,66,디저트가 맛있어요,50,음료가 맛있어요,49,친절해요,49,가성비가 좋아요,38,35689660
606,9462,36,음식이 맛있어요,23,가성비가 좋아요,13,친절해요,10,혼밥하기 좋아요,7,양이 많아요,7,1539259907
607,9439,0,0,0,0,0,0,0,0,0,0,0,13151095
608,9440,66,음식이 맛있어요,45,가성비가 좋아요,20,친절해요,18,양이 많아요,13,재료가 신선해요,9,1837320539
609,9441,84,음식이 맛있어요,34,혼밥하기 좋아요,28,가성비가 좋아요,27,양이 많아요,23,친절해요,18,36003805
610,9585,43,음식이 맛있어요,21,친절해요,10,재료가 신선해요,7,가격이 합리적이에요,4,선물하기 좋아요,3,13130825
611,9586,21,음식이 맛있어요,17,친절해요,8,재료가 신선해요,2,위생적이에요,2,포장이 깔끔해요,2,1535262913
612,9588,78,빵이 맛있어요,61,가성비가 좋아요,19,친절해요,9,매장이 청결해요,4,커피가 맛있어요,1,1909981926
613,9590,79,음식이 맛있어요,57,친절해요,15,혼밥하기 좋아요,12,가성비가 좋아요,12,재료가 신선해요,6,37943784
614,9449,0,0,0,0,0,0,0,0,0,0,0,1668652288
615,9448,486,음식이 맛있어요,357,친절해요,86,재료가 신선해요,83,양이 많아요,67,가성비가 좋아요,59,36215389
616,9578,34,친절해요,17,음식이 맛있어요,14,가성비가 좋아요,13,혼밥하기 좋아요,6,양이 많아요,6,1111979826
617,9525,72,음식이 맛있어요,34,가성비가 좋아요,22,혼밥하기 좋아요,11,친절해요,11,양이 많아요,7,20835411
618,9516,152,음식이 맛있어요,105,친절해요,41,가성비가 좋아요,40,양이 많아요,18,혼밥하기 좋아요,17,1012261354
619,9521,109,음식이 맛있어요,76,친절해요,21,혼밥하기 좋아요,11,재료가 신선해요,11,가성비가 좋아요,10,18761631
620,9527,41,음식이 맛있어요,35,가성비가 좋아요,14,재료가 신선해요,9,친절해요,9,혼밥하기 좋아요,5,1796653994
621,9529,37,음식이 맛있어요,29,혼밥하기 좋아요,4,친절해요,4,재료가 신선해요,3,양이 많아요,3,20834112
622,9541,60,음식이 맛있어요,32,가성비가 좋아요,14,기본 안주가 좋아요,10,대화하기 좋아요,9,친절해요,8,1442408791
623,9542,152,음식이 맛있어요,130,친절해요,33,양이 많아요,30,가성비가 좋아요,11,특별한 메뉴가 있어요,2,34198804
624,9543,53,음식이 맛있어요,37,친절해요,13,재료가 신선해요,8,양이 많아요,5,가성비가 좋아요,5,18762920
625,9545,36,음식이 맛있어요,25,친절해요,12,재료가 신선해요,7,가성비가 좋아요,4,매장이 청결해요,3,1303247884
626,9546,0,0,0,0,0,0,0,0,0,0,0,-
627,9549,57,음식이 맛있어요,41,친절해요,16,가성비가 좋아요,14,재료가 신선해요,11,양이 많아요,9,1405815470
628,9551,19,음식이 맛있어요,10,혼밥하기 좋아요,5,가성비가 좋아요,5,재료가 신선해요,3,친절해요,2,837403210
629,9552,25,음식이 맛있어요,17,친절해요,14,재료가 신선해요,10,가성비가 좋아요,5,양이 많아요,3,18737432
630,9558,0,0,0,0,0,0,0,0,0,0,0,-
631,9568,0,0,0,0,0,0,0,0,0,0,0,-
632,9610,39,커피가 맛있어요,15,디저트가 맛있어요,14,친절해요,12,매장이 청결해요,9,음료가 맛있어요,7,1162670905
633,9264,127,음식이 맛있어요,80,친절해요,39,가성비가 좋아요,32,양이 많아요,25,혼밥하기 좋아요,22,1027469694
634,9430,12,커피가 맛있어요,8,음료가 맛있어요,5,친절해요,5,집중하기 좋아요,3,매장이 청결해요,2,737588884
635,9631,43,음식이 맛있어요,30,가성비가 좋아요,16,양이 많아요,12,재료가 신선해요,9,특별한 메뉴가 있어요,5,10988214
636,9574,123,음식이 맛있어요,92,가성비가 좋아요,46,양이 많아요,30,친절해요,15,혼밥하기 좋아요,11,37925738
637,9632,51,음식이 맛있어요,33,가성비가 좋아요,21,친절해요,12,양이 많아요,8,재료가 신선해요,6,1353483364
638,9511,27,가성비가 좋아요,11,음식이 맛있어요,10,친절해요,8,양이 많아요,7,혼밥하기 좋아요,2,36321384
639,9197,0,0,0,0,0,0,0,0,0,0,0,1204560151
640,9512,46,음식이 맛있어요,36,가성비가 좋아요,17,친절해요,15,양이 많아요,7,재료가 신선해요,6,1783234192
641,9514,16,디저트가 맛있어요,12,선물하기 좋아요,6,친절해요,6,특별한 메뉴가 있어요,4,가성비가 좋아요,3,1900365174
642,9475,34,음식이 맛있어요,16,가성비가 좋아요,11,친절해요,6,혼밥하기 좋아요,3,양이 많아요,3,20927340
643,9477,0,0,0,0,0,0,0,0,0,0,0,1331742816
644,9483,39,음식이 맛있어요,26,가성비가 좋아요,14,양이 많아요,13,친절해요,9,재료가 신선해요,4,36761124
645,9485,0,0,0,0,0,0,0,0,0,0,0,-
646,9487,41,음식이 맛있어요,28,가성비가 좋아요,15,친절해요,12,재료가 신선해요,10,양이 많아요,10,20846748
647,9489,101,음식이 맛있어요,76,양이 많아요,45,가성비가 좋아요,38,혼밥하기 좋아요,34,친절해요,25,1322004791
648,9467,43,음식이 맛있어요,26,가성비가 좋아요,15,양이 많아요,8,친절해요,6,혼밥하기 좋아요,5,1038391107
649,9468,179,음식이 맛있어요,126,친절해요,43,가성비가 좋아요,40,양이 많아요,38,혼밥하기 좋아요,13,20827629
650,9469,227,음식이 맛있어요,153,가성비가 좋아요,72,친절해요,38,양이 많아요,36,재료가 신선해요,22,1756585883
651,9470,0,0,0,0,0,0,0,0,0,0,0,1018099374
652,9474,13,음식이 맛있어요,10,양이 많아요,2,단체모임 하기 좋아요,2,친절해요,1,가성비가 좋아요,1,36960752
653,9476,497,빵이 맛있어요,338,커피가 맛있어요,110,친절해요,103,매장이 청결해요,70,가성비가 좋아요,57,34878585
654,9481,137,커피가 맛있어요,71,가성비가 좋아요,42,친절해요,28,음료가 맛있어요,16,디저트가 맛있어요,9,32769154
655,9484,360,음식이 맛있어요,231,가성비가 좋아요,125,친절해요,72,양이 많아요,56,재료가 신선해요,52,1659527451
656,9486,0,0,0,0,0,0,0,0,0,0,0,1948452350
657,9575,0,0,0,0,0,0,0,0,0,0,0,17889435
658,9633,84,음식이 맛있어요,48,재료가 신선해요,17,가성비가 좋아요,16,매장이 넓어요,14,친절해요,12,38431899
659,9434,0,0,0,0,0,0,0,0,0,0,0,1868490617
660,9600,46,음식이 맛있어요,27,가성비가 좋아요,11,친절해요,7,혼밥하기 좋아요,6,양이 많아요,6,17956697
661,9496,123,음식이 맛있어요,91,친절해요,16,가성비가 좋아요,12,재료가 신선해요,8,매장이 청결해요,7,18448776
662,9497,18,음식이 맛있어요,11,재료가 신선해요,5,가성비가 좋아요,5,양이 많아요,4,친절해요,3,1550919217
663,9508,31,음식이 맛있어요,25,재료가 신선해요,19,특별한 메뉴가 있어요,15,양이 많아요,9,가성비가 좋아요,9,1793854218
664,9510,109,음식이 맛있어요,84,가성비가 좋아요,35,양이 많아요,32,친절해요,29,재료가 신선해요,20,11731706
665,9622,23,음식이 맛있어요,19,가성비가 좋아요,11,혼밥하기 좋아요,5,재료가 신선해요,5,양이 많아요,3,1637317609
666,9623,58,음식이 맛있어요,44,가성비가 좋아요,15,친절해요,13,양이 많아요,11,재료가 신선해요,6,1838112704
667,9626,189,음식이 맛있어요,137,양이 많아요,60,가성비가 좋아요,54,친절해요,36,재료가 신선해요,33,1138580695
668,9579,75,음식이 맛있어요,60,가성비가 좋아요,32,친절해요,14,양이 많아요,12,혼밥하기 좋아요,8,1131372520
669,9414,0,0,0,0,0,0,0,0,0,0,0,18016231
670,9423,38,음식이 맛있어요,24,친절해요,14,재료가 신선해요,12,가성비가 좋아요,8,혼밥하기 좋아요,7,1025687761
671,9463,13,음식이 맛있어요,11,매장이 청결해요,2,혼밥하기 좋아요,1,재료가 신선해요,1,친절해요,1,1356424922
672,9418,30,음식이 맛있어요,19,가성비가 좋아요,14,혼밥하기 좋아요,5,양이 많아요,4,재료가 신선해요,3,20854313
673,9424,13,음식이 맛있어요,12,가성비가 좋아요,3,양이 많아요,2,혼밥하기 좋아요,1,재료가 신선해요,1,1595793805
674,9428,12,친절해요,7,커피가 맛있어요,6,음료가 맛있어요,4,대화하기 좋아요,4,가성비가 좋아요,3,1975480967
675,9490,23,커피가 맛있어요,12,친절해요,11,음료가 맛있어요,3,가성비가 좋아요,3,대화하기 좋아요,3,1462085376
676,9531,242,음식이 맛있어요,149,양이 많아요,108,가성비가 좋아요,71,친절해요,37,특별한 메뉴가 있어요,26,61370428
677,9570,0,0,0,0,0,0,0,0,0,0,0,1831300813
678,9604,39,음식이 맛있어요,27,혼밥하기 좋아요,9,가성비가 좋아요,9,재료가 신선해요,7,양이 많아요,6,1985619880
679,9606,32,음식이 맛있어요,16,친절해요,12,가성비가 좋아요,10,혼밥하기 좋아요,8,양이 많아요,6,65770123
680,9513,85,커피가 맛있어요,50,가성비가 좋아요,26,친절해요,20,디저트가 맛있어요,19,음료가 맛있어요,16,1245493141
681,9519,0,0,0,0,0,0,0,0,0,0,0,-
682,9520,39,음식이 맛있어요,24,친절해요,8,가성비가 좋아요,4,혼밥하기 좋아요,3,양이 많아요,3,347509341
683,9522,34,음식이 맛있어요,29,가성비가 좋아요,17,친절해요,15,양이 많아요,14,재료가 신선해요,10,38726928
684,9523,0,0,0,0,0,0,0,0,0,0,0,-
685,9524,56,음식이 맛있어요,42,가성비가 좋아요,24,양이 많아요,10,혼밥하기 좋아요,7,친절해요,6,1940264792
686,9526,74,음식이 맛있어요,61,재료가 신선해요,18,양이 많아요,17,친절해요,16,가성비가 좋아요,13,18759348
687,9528,14,음식이 맛있어요,11,친절해요,3,가성비가 좋아요,3,혼밥하기 좋아요,2,반찬이 잘 나와요,2,1835229501
688,9530,123,음식이 맛있어요,98,양이 많아요,21,친절해요,20,재료가 신선해요,17,가성비가 좋아요,12,1488471299
689,9540,76,음식이 맛있어요,64,친절해요,21,재료가 신선해요,12,가성비가 좋아요,11,양이 많아요,8,1900859825
690,9544,375,음식이 맛있어요,316,양이 많아요,113,친절해요,60,가성비가 좋아요,59,재료가 신선해요,52,32114669
691,9547,174,음식이 맛있어요,118,친절해요,61,가성비가 좋아요,28,양이 많아요,23,재료가 신선해요,21,18714853
692,9548,29,음식이 맛있어요,19,재료가 신선해요,8,친절해요,8,혼밥하기 좋아요,5,양이 많아요,5,1253428090
693,9603,56,음식이 맛있어요,38,친절해요,10,양이 많아요,7,재료가 신선해요,5,가성비가 좋아요,4,1899062118
694,9605,0,0,0,0,0,0,0,0,0,0,0,1733925779
695,9607,62,음식이 맛있어요,43,가성비가 좋아요,14,친절해요,10,재료가 신선해요,7,양이 많아요,7,975096463
696,9616,315,음식이 맛있어요,234,특별한 메뉴가 있어요,125,혼밥하기 좋아요,118,친절해요,82,재료가 신선해요,63,1763607050
697,9502,170,친절해요,71,음식이 맛있어요,69,혼밥하기 좋아요,31,가성비가 좋아요,24,양이 많아요,17,38486800
698,9617,18,음식이 맛있어요,11,가성비가 좋아요,8,혼밥하기 좋아요,4,양이 많아요,4,친절해요,3,1706287849
699,9573,28,커피가 맛있어요,16,디저트가 맛있어요,10,인테리어가 멋져요,10,음료가 맛있어요,9,가성비가 좋아요,6,1596178202
700,9503,11,음식이 맛있어요,6,재료가 신선해요,4,친절해요,3,가성비가 좋아요,3,혼밥하기 좋아요,1,37883063
701,9504,66,음식이 맛있어요,45,친절해요,29,재료가 신선해요,27,양이 많아요,17,가성비가 좋아요,12,18732827
702,9509,225,음식이 맛있어요,167,가성비가 좋아요,58,친절해요,30,양이 많아요,30,재료가 신선해요,22,37997618
703,9582,37,음식이 맛있어요,28,친절해요,6,특별한 메뉴가 있어요,5,단체모임 하기 좋아요,4,가성비가 좋아요,3,13160910
704,9583,249,음식이 맛있어요,173,가성비가 좋아요,96,혼밥하기 좋아요,84,친절해요,51,양이 많아요,47,1414429133
705,9587,22,음식이 맛있어요,15,친절해요,12,재료가 신선해요,8,양이 많아요,8,매장이 청결해요,7,1593467281
706,9589,46,음식이 맛있어요,29,재료가 신선해요,12,가성비가 좋아요,9,친절해요,6,주차하기 편해요,6,34402587
707,9593,0,0,0,0,0,0,0,0,0,0,0,18910413
708,9628,23,음식이 맛있어요,16,친절해요,12,가성비가 좋아요,11,매장이 청결해요,9,기본 안주가 좋아요,7,1710929167
709,9435,42,가성비가 좋아요,21,커피가 맛있어요,17,친절해요,12,음료가 맛있어요,3,매장이 청결해요,3,1251485014
710,9571,198,음식이 맛있어요,175,가성비가 좋아요,90,양이 많아요,83,특별한 메뉴가 있어요,80,재료가 신선해요,74,1359699651
711,9501,84,음식이 맛있어요,71,가성비가 좋아요,30,친절해요,25,양이 많아요,16,재료가 신선해요,11,31729324
712,9505,94,음식이 맛있어요,67,친절해요,28,재료가 신선해요,20,단체모임 하기 좋아요,12,가성비가 좋아요,11,18141521
713,9506,90,음식이 맛있어요,59,재료가 신선해요,34,친절해요,22,가성비가 좋아요,14,매장이 청결해요,13,18732354
714,9429,220,음식이 맛있어요,149,친절해요,59,가성비가 좋아요,55,재료가 신선해요,39,양이 많아요,38,18723812
715,9431,121,커피가 맛있어요,61,친절해요,34,가성비가 좋아요,30,음료가 맛있어요,14,대화하기 좋아요,12,1359237619
716,9433,0,0,0,0,0,0,0,0,0,0,0,1105168073
717,9618,98,음식이 맛있어요,71,가성비가 좋아요,30,친절해요,17,양이 많아요,11,혼밥하기 좋아요,10,38010921
718,9619,0,0,0,0,0,0,0,0,0,0,0,1935943681
719,9620,261,음식이 맛있어요,182,양이 많아요,83,가성비가 좋아요,63,혼밥하기 좋아요,53,매장이 넓어요,52,31393300
720,9621,33,음식이 맛있어요,23,가성비가 좋아요,12,재료가 신선해요,6,양이 많아요,5,친절해요,3,38003887
721,9624,44,음식이 맛있어요,26,가성비가 좋아요,18,친절해요,12,양이 많아요,5,재료가 신선해요,4,20865196
722,9625,93,음식이 맛있어요,76,혼밥하기 좋아요,23,가성비가 좋아요,23,친절해요,21,재료가 신선해요,17,1054542900
723,9550,62,음식이 맛있어요,45,친절해요,10,가성비가 좋아요,9,양이 많아요,7,혼밥하기 좋아요,5,18736549
724,9034,0,0,0,0,0,0,0,0,0,0,0,-
725,9557,14,음식이 맛있어요,9,양이 많아요,4,가성비가 좋아요,4,친절해요,2,혼밥하기 좋아요,1,38276136
726,9559,266,음식이 맛있어요,190,친절해요,84,가성비가 좋아요,51,재료가 신선해요,39,양이 많아요,18,1563628223
727,9560,86,음식이 맛있어요,59,가성비가 좋아요,36,혼밥하기 좋아요,23,양이 많아요,15,친절해요,13,13154340
728,9156,79,음식이 맛있어요,60,가성비가 좋아요,33,친절해요,25,양이 많아요,14,재료가 신선해요,13,18797155
729,9101,0,0,0,0,0,0,0,0,0,0,0,13468661
730,9315,130,음식이 맛있어요,71,가성비가 좋아요,37,양이 많아요,25,친절해요,21,혼밥하기 좋아요,11,19763907
731,9279,51,음식이 맛있어요,18,가성비가 좋아요,13,친절해요,11,반찬이 잘 나와요,8,재료가 신선해요,6,20874132
732,9069,219,음식이 맛있어요,174,친절해요,31,재료가 신선해요,22,양이 많아요,20,가성비가 좋아요,19,34353503
